{"MDVP:Fo(Hz)": 0.15004878244238967, "MDVP:Fhi(Hz)": 0.2300130835897167, "MDVP:Flo(Hz)": 0.019571202791216064, "MDVP:Jitter(%)": 0.019135371751577868, "MDVP:Jitter(Abs)": 0.01306166214682042, "MDVP:RAP": 0.2020968265490133, "MDVP:PPQ": 0.016770339878898914, "Jitter:DDP": 0.02249819624451047, "MDVP:Shimmer": 0.0021893004572665557, "MDVP:Shimmer(dB)": 0.024242254282596076, "Shimmer:APQ3": 0.007946265779267625, "Shimmer:APQ5": 0.04399204499021289, "MDVP:APQ": 0.13192199801182986, "Shimmer:DDA": 0.008743113843898358, "NHR": 0.08501698167112329, "HNR": 0.022752575569661943}