{"Jitter(%)": 0.06607773946197096, "Jitter(Abs)": 0.1283353449553775, "Jitter:RAP": 0.04411065597236357, "Jitter:PPQ5": 0.05063976108233609, "Jitter:DDP": 0.01988924795653415, "Shimmer": 0.04483568602034296, "Shimmer(dB)": 0.032253944217187885, "Shimmer:APQ3": 0.05639228593133677, "Shimmer:APQ5": 0.11709035816427815, "Shimmer:APQ11": 0.15421565957118832, "Shimmer:DDA": 0.02123995264492491, "NHR": 0.08946521532889641, "HNR": 0.1754541486932623}